{"crv": 0.2075271227477026, "bal": 0.19321757390141342, "angle": 0, "fxs": 0.07508213501335428}