{"crv": 0.2414209882935876, "bal": 0.16064290652424656, "angle": 0, "fxs": 0.07396703700308509}