{"crv": 0.23266951658490126, "bal": 0.16036073996232042, "angle": 0, "fxs": 0.06373498694768072}