{"crv": 0.23620823844325925, "bal": 0.11897047719121986, "angle": 0, "fxs": 0.0497507282011886}