{"crv": 0.217287092466867, "bal": 0.18892859834910244, "angle": 0, "fxs": 0.08463093437182347}