{"crv": 0.24818095969129667, "bal": 0.21247138040520178, "angle": 0, "fxs": 0.06684100464042415}