{"crv": 0.2597691021281055, "bal": 0.1586384994879469, "angle": 0, "fxs": 0.04893472109870594}