{"crv": 0.23608833143164484, "bal": 0.22365154567015758, "angle": 0, "fxs": 0.07009286475621454}