{"crv": 0.27892598103261573, "bal": 0.15188625619031176, "angle": 0, "fxs": 0.052650753326303784}