{"crv": 0.2615674709393264, "bal": 0.12629210301499338, "angle": 0, "fxs": 0.03946515689781925}