{"crv": 0.23038767728142936, "bal": 0.23660940716157758, "angle": 0, "fxs": 0.061009179881778}