{"crv": 0.2582804574432562, "bal": 0.1818286717792197, "angle": 0, "fxs": 0.049273452987543036}