{"crv": 0.20458815877810166, "bal": 0.17150529627539415, "angle": 0, "fxs": 0.0744758561627442}