{"crv": 0.27203090930374124, "bal": 0.20549311891617855, "angle": 0, "fxs": 0.05715455185422989}