{"crv": 0.2903648827637289, "bal": 0.11204154707130387, "angle": 0, "fxs": 0.053843649081296796}