{"crv": 0.2378322868091376, "bal": 0.2008223963293067, "angle": 0, "fxs": 0.060629453913740736}