{"crv": 0.2308699675261884, "bal": 0.23222183289826284, "angle": 0, "fxs": 0.06143069908275333}