{"crv": 0.25723193521776844, "bal": 0.25653138192831965, "angle": 0, "fxs": 0.0381594215787387}