{"crv": 0.24921102584338622, "bal": 0.23114819860939534, "angle": 0, "fxs": 0.08436594023860891}