{"crv": 0.2594108127130302, "bal": 0.2070418899958143, "angle": 0, "fxs": 0.0640020273287333}